0,83529084903,1,"New comment"
1,111111111,2,Cool
2,83529084903,1,None
3,83529084903,1,None
4,83529084903,1,None
5,123456789,1,"New comment"
6,123456789,1,"Test comment"
7,123456789,1,"Test comment"
8,123456789,1,"Test comment"
9,123456789,1,"Test comment"
10,123456789,1,"Test comment"
11,123456789,1,"Test comment"
12,123456789,1,"Test comment"
13,123456789,1,"Test comment"
14,123456789,1,"Test comment"
15,123456789,1,"Test comment"
16,123456789,1,"Test comment"
17,123456789,1,"Test comment"
18,123456789,1,"Test comment"
19,123456789,1,"Test comment"
20,123456789,1,"Test comment"
